CODE_IRIS;INSEE_COM;NOM_COM;IRIS;NOM_IRIS;TYP_IRIS;DEC_MED19;P18_POP
590090101;59009;Villeneuve-d'Ascq;0101;Breucq;H;26880;1964,446289
590090102;59009;Villeneuve-d'Ascq;0102;Sart;H;26710;1503,051748
590090103;59009;Villeneuve-d'Ascq;0103;Babylone;H;16480;2479,499446
590090104;59009;Villeneuve-d'Ascq;0104;Recueil;H;31800;3080,024172
590090201;59009;Villeneuve-d'Ascq;0201;Prés;H;24050;1275,953937
590090202;59009;Villeneuve-d'Ascq;0202;Gendarmerie;H;20630;572,6654264
590090203;59009;Villeneuve-d'Ascq;0203;Croisure;H;26550;2799,258579
590090204;59009;Villeneuve-d'Ascq;0204;Les Facultés;H;18550;2434,652696
590090206;59009;Villeneuve-d'Ascq;0206;Château;H;25640;2610,617614
590090207;59009;Villeneuve-d'Ascq;0207;Bourg;H;24290;1260,8135
590090301;59009;Villeneuve-d'Ascq;0301;Cousinerie Est;H;24050;2736,393631
590090303;59009;Villeneuve-d'Ascq;0303;Cousinerie Ouest;H;21070;2377,188385
590090304;59009;Villeneuve-d'Ascq;0304;Cousinerie Centre;H;22480;1753,177482
590090305;59009;Villeneuve-d'Ascq;0305;Les Moulins;A;20630;86,27905303
590090306;59009;Villeneuve-d'Ascq;0306;Héron;D;20630;256,7579103
590090401;59009;Villeneuve-d'Ascq;0401;Fusillés;A;20630;109,3627534
590090402;59009;Villeneuve-d'Ascq;0402;Brigode;H;45010;1036,286897
590090403;59009;Villeneuve-d'Ascq;0403;Annappes;H;37200;1493,470315
590090404;59009;Villeneuve-d'Ascq;0404;Moulin d'Ascq;H;24710;1948,593974
590090405;59009;Villeneuve-d'Ascq;0405;Le Pron;H;28380;3898,166837
590090501;59009;Villeneuve-d'Ascq;0501;Liberté;H;26140;1332,471652
590090502;59009;Villeneuve-d'Ascq;0502;Poste;H;13970;2778,449083
590090504;59009;Villeneuve-d'Ascq;0504;Résidence Est;H;12930;2550,953212
590090505;59009;Villeneuve-d'Ascq;0505;Résidence Ouest;H;12420;2185,287186
590090601;59009;Villeneuve-d'Ascq;0601;Cité Scientifique;H;20630;5209,288072
590090602;59009;Villeneuve-d'Ascq;0602;Triolo Est;H;21860;1269,49259
590090603;59009;Villeneuve-d'Ascq;0603;Triolo Ouest;H;10140;2617,032309
590090701;59009;Villeneuve-d'Ascq;0701;Pont de Bois;H;7690;3472,739908
590090703;59009;Villeneuve-d'Ascq;0703;Vétérans;H;9670;2284,503728
590090704;59009;Villeneuve-d'Ascq;0704;Hôtel de Ville;H;11470;1722,559892
590090705;59009;Villeneuve-d'Ascq;0705;Valmy;H;12220;1627,561721
590130000;59013;Anstaing;0000;Anstaing;Z;26790;1511
590170101;59017;Armentières;0101;Base de Loisirs des Prés du Hem;D;16520;0
590170102;59017;Armentières;0102;Prés du Hem;H;15060;2652,098718
590170103;59017;Armentières;0103;Quartier Salengro;H;15370;2670,96621
590170201;59017;Armentières;0201;Bizet 1;H;15890;2070,041712
590170202;59017;Armentières;0202;Bizet-Léo Lagrange;H;19020;3908,503607
590170301;59017;Armentières;0301;Route d'Houplines 1;H;16520;605,7342188
590170303;59017;Armentières;0303;Route d'Houplines 3;H;13730;1759,240464
590170304;59017;Armentières;0304;Route d'Houplines 4;H;15150;1408,641939
590170305;59017;Armentières;0305;Route d'Houplines 2;H;16740;2268,838371
590170401;59017;Armentières;0401;Centre République 1;H;14940;1535,091052
590170402;59017;Armentières;0402;Centre République 2;H;16670;3141,188061
590170403;59017;Armentières;0403;Centre République 3;H;18920;2757,655647
590250000;59025;Aubers;0000;Aubers;Z;29010;1655
590440000;59044;Baisieux;0000;Baisieux;Z;26130;4784
590510101;59051;La Bassée;0101;Sud;H;18700;3494,809143
590510102;59051;La Bassée;0102;Nord;H;18700;3050,190857
590560000;59056;Beaucamps-Ligny;0000;Beaucamps-Ligny;Z;29710;851
590880000;59088;Bois-Grenier;0000;Bois-Grenier;Z;28400;1675
590900101;59090;Bondues;0101;Domaine de la Vigne;H;35420;3059,290315
590900102;59090;Bondues;0102;Bois Blancs-Pavé Linselles-Peupliers;H;35420;2470,530202
590900103;59090;Bondues;0103;Centre;H;35420;2624,418044
590900104;59090;Bondues;0104;Bois d'Achelles;H;35420;1806,761439
590980000;59098;Bousbecque;0000;Bousbecque;Z;23820;4818
591060000;59106;Bouvines;0000;Bouvines;Z;29440;765
591280000;59128;Capinghem;0000;Capinghem;Z;25530;2565
591430102;59143;La Chapelle-d'Armentières;0102;Le Bourg-Les Masures;H;22700;2319,355267
591430103;59143;La Chapelle-d'Armentières;0103;Sud;H;22700;3872,619252
591430104;59143;La Chapelle-d'Armentières;0104;Nord;H;22700;2435,025481
591460000;59146;Chéreng;0000;Chéreng;Z;31040;2991
591520101;59152;Comines;0101;La Gaie Perche;H;21510;2724,0068
591520102;59152;Comines;0102;Centre Ville;H;20580;3519,284482
591520201;59152;Comines;0201;L'Apothicaire;H;16720;2013,820417
591520202;59152;Comines;0202;Le Rossignol;H;23090;2103,19775
591520203;59152;Comines;0203;Sainte-Marguerite;H;23520;2137,69055
591630101;59163;Croix;0101;Centre 1;H;26090;2428,459955
591630102;59163;Croix;0102;Centre 2;H;19850;3017,074947
591630104;59163;Croix;0104;Centre 4;H;22570;2742,909025
591630201;59163;Croix;0201;Saint-Pierre 1;H;17510;1827,637504
591630202;59163;Croix;0202;Saint-Pierre 2;H;15910;1944,981831
591630203;59163;Croix;0203;Saint-Pierre 3;H;22110;1737,255678
591630204;59163;Croix;0204;Saint-Pierre 4;H;17730;1856,90909
591630301;59163;Croix;0301;Beaumont 1;H;44250;2440,962471
591630302;59163;Croix;0302;Beaumont 2;H;22020;3090,809498
591730000;59173;Deûlémont;0000;Deûlémont;Z;25790;1798
591930000;59193;Emmerin;0000;Emmerin;Z;26190;3140
591950000;59195;Englos;0000;Englos;Z;29930;613
591960000;59196;Ennetières-en-Weppes;0000;Ennetières-en-Weppes;Z;30680;1300
592010000;59201;Erquinghem-le-Sec;0000;Erquinghem-le-Sec;Z;30290;598
592020000;59202;Erquinghem-Lys;0000;Erquinghem-Lys;Z;21280;5293
592080000;59208;Escobecques;0000;Escobecques;Z;38990;297
592200101;59220;Faches-Thumesnil;0101;Thumesnil Nord;H;16600;3349,537335
592200102;59220;Faches-Thumesnil;0102;Croisette;H;20190;3173,777106
592200103;59220;Faches-Thumesnil;0103;Thumesnil Mairie;H;17730;2729,867508
592200201;59220;Faches-Thumesnil;0201;Z.A.C. Économique Commerciale;A;21000;322,7962231
592200202;59220;Faches-Thumesnil;0202;Village de Faches;H;23670;1534,641435
592200203;59220;Faches-Thumesnil;0203;Mont de Faches;H;27650;2097,877856
592200204;59220;Faches-Thumesnil;0204;Cinq Bonniers;H;21630;2801,728288
592200205;59220;Faches-Thumesnil;0205;Périseaux;H;24050;2154,77425
592470000;59247;Forest-sur-Marque;0000;Forest-sur-Marque;Z;27720;1467
592500000;59250;Fournes-en-Weppes;0000;Fournes-en-Weppes;Z;30040;2225
592520000;59252;Frelinghien;0000;Frelinghien;Z;24610;2431
592560000;59256;Fretin;0000;Fretin;Z;25680;3334
592570000;59257;Fromelles;0000;Fromelles;Z;28060;1000
592750000;59275;Gruson;0000;Gruson;Z;37650;1288
592780000;59278;Hallennes-lez-Haubourdin;0000;Hallennes-lez-Haubourdin;Z;23230;4727
592790101;59279;Halluin;0101;Molinel Colbras;H;16890;1971,958721
592790102;59279;Halluin;0102;Molinel;H;22240;3970,957861
592790103;59279;Halluin;0103;Le Colbras;D;19990;419,0719595
592790201;59279;Halluin;0201;Centre;H;17080;2704,044413
592790202;59279;Halluin;0202;Forage;H;16130;2109,997224
592790203;59279;Halluin;0203;Pannerie-Rouge Porte;H;18910;2097,100318
592790301;59279;Halluin;0301;Les Écoles;H;19250;2541,855702
592790302;59279;Halluin;0302;Mont Fleuri;H;22490;2512,126483
592790303;59279;Halluin;0303;Mont-Triez Cailloux;D;24640;2480,887319
592810000;59281;Hantay;0000;Hantay;Z;23450;1292
592860101;59286;Haubourdin;0101;Rive Gauche 1;H;16240;2955,325047
592860102;59286;Haubourdin;0102;Rive Gauche 2;H;23380;2399,496064
592860201;59286;Haubourdin;0201;Rive Droite 1;H;20100;2498,437993
592860202;59286;Haubourdin;0202;Rive Droite 2;H;19920;4158,61472
592860203;59286;Haubourdin;0203;Rive Droite 3;H;18080;2460,245114
592860204;59286;Haubourdin;0204;Zone Verte;D;19550;302,8810622
592990101;59299;Hem;0101;Beaumont;H;19570;1618,900455
592990102;59299;Hem;0102;Trois Baudets;H;18680;1429,264608
592990103;59299;Hem;0103;Lionderie;H;16930;1345,796712
592990201;59299;Hem;0201;Le Trie;H;33890;1888,718842
592990202;59299;Hem;0202;Vieux Quartiers-Tribonnerie;H;30100;2703,840389
592990203;59299;Hem;0203;Vieux Quartiers-Civron;H;26460;2989,385284
592990204;59299;Hem;0204;La Vallée-Petit Lannoy;H;23970;1834,907537
592990301;59299;Hem;0301;Trois Fermes;H;11530;1949,593692
592990302;59299;Hem;0302;Longchamp;H;8680;1688,328078
592990303;59299;Hem;0303;Hauts Champs;H;13150;1172,264404
593030000;59303;Herlies;0000;Herlies;Z;26270;2396
593160000;59316;Houplin-Ancoisne;0000;Houplin-Ancoisne;Z;24730;3378
593170101;59317;Houplines;0101;Ouest;H;20450;2323
593170102;59317;Houplines;0102;Nord;H;20450;3377
593170103;59317;Houplines;0103;Sud;H;20450;2070
593200000;59320;Illies;0000;Illies;Z;24060;1635
593280101;59328;Lambersart;0101;Cessoie;H;33720;1309,282654
593280102;59328;Lambersart;0102;Pacot Vandracq;H;13540;2425,546038
593280103;59328;Lambersart;0103;Rue de lille;H;26330;2023,223881
593280201;59328;Lambersart;0201;Braille-Verghelles-Cité familiale;H;24970;2006,325263
593280202;59328;Lambersart;0202;Briqueterie;H;29010;1481,437846
593280203;59328;Lambersart;0203;Conquérants;H;26860;2130,738046
593280301;59328;Lambersart;0301;Châteaux-Carnoy;H;29910;2206,154704
593280302;59328;Lambersart;0302;Bourg;H;32410;3923,438738
593280403;59328;Lambersart;0403;Canon d'Or;H;35810;2636,132659
593280405;59328;Lambersart;0405;Champs de Courses-Delecaux;H;31810;1680,001696
593280501;59328;Lambersart;0501;Canteleu-Ampère;H;22660;3474,703326
593280502;59328;Lambersart;0502;Canteleu-Colysée;H;32760;2118,015149
593320000;59332;Lannoy;0000;Lannoy;Z;17900;1796
593390101;59339;Leers;0101;Centre;H;23270;2460
593390102;59339;Leers;0102;Ouest;H;23270;4031
593390103;59339;Leers;0103;Est;H;23270;2909
593430101;59343;Lesquin;0101;Voyettes-C.R.T.-Aéroport;H;24570;6037,815632
593430105;59343;Lesquin;0105;Centre;H;24570;2597,184368
593460000;59346;Lezennes;0000;Lezennes;Z;25200;3065
593500101;59350;Lille;0101;Lille Centre 1;A;18620;40,04485534
593500104;59350;Lille;0104;Lille Centre 4;H;28130;2462,228657
593500105;59350;Lille;0105;Lille Centre 5;H;29210;2245,439347
593500106;59350;Lille;0106;Lille Centre 6;A;18620;1584,536944
593500107;59350;Lille;0107;Lille Centre 7;A;18620;123,9747908
593500108;59350;Lille;0108;Lille Centre 8;A;18620;232,521014
593500109;59350;Lille;0109;Lille Centre 9;A;18620;180,8348634
593500110;59350;Lille;0110;Lille Centre 10;A;18620;449,8294646
593500111;59350;Lille;0111;Lille Centre 11;H;23350;2582,76419
593500112;59350;Lille;0112;Lille Centre 12;H;29700;2565,934141
593500113;59350;Lille;0113;Lille Centre 13;A;20030;1425,801883
593500114;59350;Lille;0114;Lille Centre 14;A;18620;0
593500115;59350;Lille;0115;Lille Centre 15;H;13030;2606,820127
593500116;59350;Lille;0116;Lille Centre 16;H;29150;2582,390581
593500117;59350;Lille;0117;Lille Centre 17;H;21570;1858,700049
593500118;59350;Lille;0118;Lille Centre 18;H;26600;3941,148267
593500119;59350;Lille;0119;Lille Centre 19;H;30080;3987,990569
593500201;59350;Lille;0201;Vieux Lille 1;H;29900;3017,288685
593500202;59350;Lille;0202;Vieux Lille 2;H;22600;1884,24093
593500203;59350;Lille;0203;Vieux Lille 3;H;25400;2436,114898
593500204;59350;Lille;0204;Vieux Lille 4;H;28790;3982,55447
593500205;59350;Lille;0205;Vieux Lille 5;H;33020;3099,803246
593500206;59350;Lille;0206;Vieux Lille 6;H;32200;2000,461574
593500207;59350;Lille;0207;Vieux Lille 7;H;15230;2267,903562
593500302;59350;Lille;0302;Vauban-Esquermes;A;18620;243,3236245
593500303;59350;Lille;0303;Catinat;H;13070;2844,70443
593500304;59350;Lille;0304;Cordonnier;H;14490;2204,077178
593500305;59350;Lille;0305;Colson;H;23530;3258,790437
593500306;59350;Lille;0306;Arbonnoise;H;23700;2671,931613
593500307;59350;Lille;0307;Lille-Acier;H;23240;2564,472039
593500308;59350;Lille;0308;Grande Brasserie;H;23830;3222,918116
593500309;59350;Lille;0309;Lestiboudois;H;25160;2211,01266
593500310;59350;Lille;0310;Citadelle;D;18620;118,530691
593500401;59350;Lille;0401;Montebello;H;16770;2261,987841
593500402;59350;Lille;0402;Sarrazins;H;10730;2084,018344
593500403;59350;Lille;0403;Magenta-Fombello;H;10130;2150,40995
593500404;59350;Lille;0404;Flandre;H;18380;3478,251406
593500405;59350;Lille;0405;Brigode;H;27780;2346,243084
593500406;59350;Lille;0406;Franklin;H;22220;4052,568577
593500407;59350;Lille;0407;Stations;H;23800;3209,487958
593500408;59350;Lille;0408;Justice;H;14170;2423,314498
593500409;59350;Lille;0409;Mairie;H;22320;2646,376761
593500410;59350;Lille;0410;Barthélemy;H;21120;2016,467922
593500501;59350;Lille;0501;Strasbourg;H;18620;34,8154157
593500502;59350;Lille;0502;Seclin;H;10730;2396,789826
593500503;59350;Lille;0503;Arsenal;H;14370;2988,199764
593500504;59350;Lille;0504;Fac de Droit;H;11450;3848,804878
593500506;59350;Lille;0506;Arras;H;14600;5359,902894
593500507;59350;Lille;0507;Belfort;H;7620;1578,397603
593500508;59350;Lille;0508;Trévise;H;13970;2904,548865
593500601;59350;Lille;0601;Baltique-Vieux Faubourg;H;19090;2385,781507
593500602;59350;Lille;0602;Concorde 1;H;4950;1873,554614
593500603;59350;Lille;0603;Verhaeren;H;8040;1421,949983
593500604;59350;Lille;0604;Concorde 2;H;5650;1932,172701
593500701;59350;Lille;0701;C.H.R.;A;18620;834,9130558
593500702;59350;Lille;0702;Faubourg des Postes A;H;11990;1498,989371
593500703;59350;Lille;0703;Faubourg des Postes B;H;11490;2586,290839
593500704;59350;Lille;0704;Croisette A;H;7920;2154,500596
593500705;59350;Lille;0705;Croisette B;H;6410;2023,997332
593500706;59350;Lille;0706;Giraudoux;H;8170;1691,216607
593500707;59350;Lille;0707;400 Maisons-Cimetière du Sud;H;10860;1743,610533
593500709;59350;Lille;0709;Lopofa-Tudor;A;15860;716,1101289
593500710;59350;Lille;0710;Faubourg de Douai;H;17410;4617,964116
593500711;59350;Lille;0711;Balzac-Lazarre Garreau;H;10080;2043,282261
593500801;59350;Lille;0801;Marx Dormoy;H;26240;1367,352037
593500802;59350;Lille;0802;Canteleu;H;24600;3089,835888
593500803;59350;Lille;0803;Vieux Bois-Blancs;H;17880;2443,874697
593500804;59350;Lille;0804;Aviateurs;H;10140;1573,653226
593500901;59350;Lille;0901;Buisson;H;33210;2896,967544
593500902;59350;Lille;0902;Notre-Dame de Pellevoisin;H;31310;2252,798567
593500903;59350;Lille;0903;Pellevoisin-Rouges Barres;H;20690;1835,502224
593500904;59350;Lille;0904;La MEL;A;18620;0
593500905;59350;Lille;0905;Saint-Maurice-Cimetière de l'Est;H;27420;2236,958955
593500906;59350;Lille;0906;Saint-Maurice des Champs;H;23280;2807,467822
593500907;59350;Lille;0907;Saint-Maurice-Briqueterie;H;23080;2885,841515
593500908;59350;Lille;0908;Saint-Maurice-Saint-Gabriel;H;23040;1972,788221
593501001;59350;Lille;1001;Centre;H;13780;2338,32044
593501002;59350;Lille;1002;Entrée Lille Fives;H;11550;2898,896155
593501003;59350;Lille;1003;Caulier;H;12360;3233,455634
593501004;59350;Lille;1004;Marbrerie;H;18060;1970,878779
593501005;59350;Lille;1005;Lannoy;H;16600;2031,777487
593501006;59350;Lille;1006;Convention;H;15690;2210,544181
593501007;59350;Lille;1007;Mont de Terre;H;17110;3481,365034
593501008;59350;Lille;1008;Petit Maroc;H;13680;2807,07028
593502401;59350;Lille;2401;Épine Mont de Terre 1;A;18620;40,96194266
593502402;59350;Lille;2402;Épine Mont de Terre 2;H;13290;1406,298368
593502403;59350;Lille;2403;Épine Mont de Terre 3;H;22220;2459,049485
593502404;59350;Lille;2404;Épine Mont de Terre 4;H;19820;1861,906192
593502405;59350;Lille;2405;Épine Mont de Terre 5;A;18620;485,9219727
593502501;59350;Lille;2501;Centre 1;H;23420;1774,030798
593502502;59350;Lille;2502;Centre 2;H;20110;2193,861595
593502503;59350;Lille;2503;Centre 3;H;16520;2509,566858
593502601;59350;Lille;2601;Les Sarts 1;H;10790;2082,102649
593502602;59350;Lille;2602;Les Sarts 2;H;21650;1945,561946
593502603;59350;Lille;2603;Les Sarts 3;H;22840;1681,451496
593502701;59350;Lille;2701;Zone d'Activités-Marché d'Intérêt National;A;18620;367,9649941
593502702;59350;Lille;2702;Bourg Délivrance 2;H;18870;1692,368643
593502703;59350;Lille;2703;Bourg Délivrance 3;H;23670;1864,889286
593502704;59350;Lille;2704;Bourg Délivrance 4;H;23480;2016,486929
593502705;59350;Lille;2705;Bourg Délivrance 5;H;22580;1614,657624
593502706;59350;Lille;2706;Plate-Forme Multimodale;A;18620;0
593502801;59350;Lille;2801;Mitterie 1;H;19650;3324,930345
593502802;59350;Lille;2802;Mitterie 2;H;17760;2406,878618
593502901;59350;Lille;2901;Mont à Camp-Marais 1;H;16500;1937,196916
593502902;59350;Lille;2902;Mont à Camp-Marais 2;H;21540;2117,382526
593502903;59350;Lille;2903;Mont à Camp-Marais 3;H;21030;2168,219989
593502904;59350;Lille;2904;Mont à Camp-Marais 4;H;16030;1770,86437
593503001;59350;Lille;3001;Sud Marais 1;H;19880;2752,207757
593503002;59350;Lille;3002;Sud Marais 2;H;16600;1842,420104
593503003;59350;Lille;3003;Sud Marais 3;H;14100;2241,462782
593520101;59352;Linselles;0101;Centre;H;24270;2375,772944
593520102;59352;Linselles;0102;Ouest;H;24270;3105,833255
593520103;59352;Linselles;0103;Est;H;24270;2847,3938
593560000;59356;Lompret;0000;Lompret;Z;35230;2264
593600101;59360;Loos;0101;Kuhlmann;H;18760;2747,67755
593600102;59360;Loos;0102;Parc du Château;H;20490;2141,832104
593600103;59360;Loos;0103;Parc Longchamp;H;17950;4063,248459
593600104;59360;Loos;0104;Mairie;H;15610;2114,741047
593600105;59360;Loos;0105;Maison d'Arrêt;H;17310;76,00074233
593600201;59360;Loos;0201;Oliveaux 2;H;13520;1643,621954
593600202;59360;Loos;0202;Oliveaux 1;H;13440;1551,686582
593600203;59360;Loos;0203;Oliveaux 3;H;9020;2093,276
593600301;59360;Loos;0301;Ennequin;H;19380;1821,454355
593600302;59360;Loos;0302;Eurasante;H;21070;2399,738753
593600303;59360;Loos;0303;République;H;21200;1772,722452
593670101;59367;Lys-lez-Lannoy;0101;Lebas Fresnoy;H;22880;2490,54001
593670102;59367;Lys-lez-Lannoy;0102;Général Leclerc Bon Poste;H;23100;2089,181911
593670103;59367;Lys-lez-Lannoy;0103;Paul Bert-Jules Guesde;H;19600;2884,748168
593670104;59367;Lys-lez-Lannoy;0104;Cohem Vert Pré;H;24670;2108,939627
593670105;59367;Lys-lez-Lannoy;0105;Justice Longchamp;H;17100;3897,590284
593680101;59368;La Madeleine;0101;Berckem-Kléber-Saint-Charles 1;H;16830;1784,978355
593680102;59368;La Madeleine;0102;Berckem-Kléber-Saint-Charles 2;H;21650;2025,509171
593680103;59368;La Madeleine;0103;Berckem-Kléber-Saint-Charles 3;H;20910;1660,211542
593680201;59368;La Madeleine;0201;Centre 1;H;18010;2462,616308
593680202;59368;La Madeleine;0202;Centre 2;H;28600;2835,558367
593680301;59368;La Madeleine;0301;Pompidou-Nouvelle Madeleine 1;H;21150;2430,232761
593680302;59368;La Madeleine;0302;Pompidou-Nouvelle Madeleine 2;H;21650;2283,094467
593680401;59368;La Madeleine;0401;Grand Boulevard 1;H;32510;2673,481378
593680402;59368;La Madeleine;0402;Grand Boulevard 2;H;36750;3812,317652
593710000;59371;Le Maisnil;0000;Le Maisnil;Z;34710;642
593780101;59378;Marcq-en-Barœul;0101;Septentrion;H;38360;3350,005291
593780102;59378;Marcq-en-Barœul;0102;Pont Courroy;H;34560;1755,205753
593780201;59378;Marcq-en-Barœul;0201;Briqueterie;H;12150;1876,309841
593780202;59378;Marcq-en-Barœul;0202;Pont de Marcq;H;19670;2491,352259
593780301;59378;Marcq-en-Barœul;0301;Croisé Laroche;H;42770;2007,693882
593780302;59378;Marcq-en-Barœul;0302;Croisé Petite Hollande;H;36520;1814,400987
593780303;59378;Marcq-en-Barœul;0303;Delcenserie;H;31280;2524,470604
593780304;59378;Marcq-en-Barœul;0304;Pilaterie;A;29000;0
593780401;59378;Marcq-en-Barœul;0401;Buisson;H;29960;2483,362081
593780402;59378;Marcq-en-Barœul;0402;May Four;H;24450;2938,668643
593780403;59378;Marcq-en-Barœul;0403;Plouich Saint-Louis;H;18580;2035,569595
593780404;59378;Marcq-en-Barœul;0404;Plouich Torgue;H;24490;1743,059278
593780501;59378;Marcq-en-Barœul;0501;Hautes loges;H;29720;1671,439804
593780502;59378;Marcq-en-Barœul;0502;Clemenceau;H;35170;2846,253159
593780601;59378;Marcq-en-Barœul;0601;Quesne-Château Rouge;H;37860;2598,065711
593780602;59378;Marcq-en-Barœul;0602;Hôtel de Ville;H;39160;2417,97178
593780701;59378;Marcq-en-Barœul;0701;Bourg Saint-Vincent;H;26570;2453,494488
593780702;59378;Marcq-en-Barœul;0702;Plaine de Menin;H;22780;1562,676843
593860101;59386;Marquette-lez-Lille;0101;Le Gibet;H;27310;2395,788983
593860102;59386;Marquette-lez-Lille;0102;Lommelet;H;24280;2175,566449
593860103;59386;Marquette-lez-Lille;0103;L'Abbaye;H;19130;2048,263689
593860104;59386;Marquette-lez-Lille;0104;Lazaro-Le Touquet Centre;H;22690;2125,54055
593860105;59386;Marquette-lez-Lille;0105;Z.A.-Cité Courbet-Saint Charles;H;20900;1608,840329
593880000;59388;Marquillies;0000;Marquillies;Z;26370;2008
594100101;59410;Mons-en-Barœul;0101;Le Barœul;H;26840;3014,075394
594100102;59410;Mons-en-Barœul;0102;Ancien Mons;H;24540;2428,524998
594100201;59410;Mons-en-Barœul;0201;Lamartine;H;9050;1856,832545
594100202;59410;Mons-en-Barœul;0202;Napoléon;H;9290;2020,169911
594100203;59410;Mons-en-Barœul;0203;Les Provinces;H;15050;1667,485768
594100302;59410;Mons-en-Barœul;0302;Hôtel de Ville;H;17730;1446,305641
594100303;59410;Mons-en-Barœul;0303;Louis XIV;H;11100;1156,693972
594100304;59410;Mons-en-Barœul;0304;Vauban;H;12960;1458,534384
594100401;59410;Mons-en-Barœul;0401;Guinguette;H;17900;1701,71839
594100402;59410;Mons-en-Barœul;0402;Les Sarts;H;18140;2161,076119
594100403;59410;Mons-en-Barœul;0403;Becquerel;H;24610;2105,582876
594210101;59421;Mouvaux;0101;Vauban-100 Maisons-Mairie;H;27860;2837,420368
594210102;59421;Mouvaux;0102;Duriez-Escalette;H;28350;2106,808129
594210103;59421;Mouvaux;0103;Centre-Rue de Londres;H;32890;2928,420267
594210104;59421;Mouvaux;0104;Hautmont-Mirabeau;H;31630;2127,208183
594210105;59421;Mouvaux;0105;Francs-Épinette;H;26400;3173,143052
594260101;59426;Neuville-en-Ferrain;0101;Moulin Briqueterie;H;25920;2640,607615
594260102;59426;Neuville-en-Ferrain;0102;Dronckaert Risquons-Tout;H;24390;2338,782743
594260103;59426;Neuville-en-Ferrain;0103;Vieille Motte Rosières;H;23430;1682,7279
594260104;59426;Neuville-en-Ferrain;0104;Bailly;H;24550;1763,142726
594260105;59426;Neuville-en-Ferrain;0105;Centre Ville;H;22710;1805,739016
594370000;59437;Noyelles-lès-Seclin;0000;Noyelles-lès-Seclin;Z;27640;864
594570101;59457;Pérenchies;0101;Est;H;22480;1521,036464
594570102;59457;Pérenchies;0102;Nord et Ouest;H;22480;2349,512664
594570103;59457;Pérenchies;0103;Sud;H;22480;4542,450872
594580000;59458;Péronne-en-Mélantois;0000;Péronne-en-Mélantois;Z;30900;913
594700000;59470;Prémesques;0000;Prémesques;Z;27260;2119
594820101;59482;Quesnoy-sur-Deûle;0101;Rive Droite;H;24660;4572,3238
594820102;59482;Quesnoy-sur-Deûle;0102;Rive Gauche;H;24660;2241,6762
594870000;59487;Radinghem-en-Weppes;0000;Radinghem-en-Weppes;Z;31960;1403
595070101;59507;Ronchin;0101;Petit Ronchin 1;H;23320;2025,779017
595070102;59507;Ronchin;0102;Petit Ronchin 2;H;17800;1986,602408
595070103;59507;Ronchin;0103;Petit Ronchin 3;H;20430;2381,852258
595070104;59507;Ronchin;0104;Petit Ronchin 4;D;20750;306,2276729
595070201;59507;Ronchin;0201;Cité Jardin 1;H;20890;1884,498833
595070202;59507;Ronchin;0202;Cité Jardin 2;H;12710;2700,406514
595070203;59507;Ronchin;0203;Cité Jardin 3;H;22780;1931,710461
595070301;59507;Ronchin;0301;Champ du Cerf 1;H;26100;1946,883142
595070303;59507;Ronchin;0303;Champ du Cerf 3;H;13990;1418,979633
595070306;59507;Ronchin;0306;Champ du Cerf 2 Étendu;H;24040;2894,060062
595080101;59508;Roncq;0101;Centre-Plat Vinage 1;H;25740;1466,154953
595080102;59508;Roncq;0102;Centre-Plat Vinage 2;H;21270;2459,837423
595080103;59508;Roncq;0103;Centre-Plat Vinage 3;H;23650;2071,681889
595080104;59508;Roncq;0104;Centre International de Transport;A;24540;0,999985036
595080201;59508;Roncq;0201;Vallée Blanc Four 1;H;29240;2848,08869
595080202;59508;Roncq;0202;Vallée Blanc Four 2;H;22740;2175,234408
595080203;59508;Roncq;0203;Vallée Blanc Four 3;H;23720;2339,002652
595120101;59512;Roubaix;0101;Mackellerie;H;9740;2519,881673
595120102;59512;Roubaix;0102;Fresnoy;H;11640;4183,360424
595120201;59512;Roubaix;0201;Fosse aux Chênes;H;6520;3316,844967
595120202;59512;Roubaix;0202;Alma Sud;H;5010;1822,901387
595120203;59512;Roubaix;0203;Alma Nord;H;6000;1809,851292
595120301;59512;Roubaix;0301;Entrepont-Cartigny;H;8630;2582,183871
595120302;59512;Roubaix;0302;Hutin-Oran;H;9600;2619,428768
595120303;59512;Roubaix;0303;Cul de Four;H;6400;3190,392932
595120401;59512;Roubaix;0401;Hommelet Nord;H;7130;2230,98169
595120402;59512;Roubaix;0402;Hommelet Centre;H;7830;2680,947882
595120403;59512;Roubaix;0403;Hommelet Sud;H;8500;2310,147393
595120501;59512;Roubaix;0501;Épeule Nord;H;7150;2077,973974
595120502;59512;Roubaix;0502;Épeule Centre;H;7690;2572,568726
595120503;59512;Roubaix;0503;Épeule Sud;H;13030;2103,503695
595120504;59512;Roubaix;0504;Trichon;H;10200;2964,103616
595120601;59512;Roubaix;0601;Espérance Centre;H;9950;2941,645079
595120602;59512;Roubaix;0602;Nations Unies;H;8390;3122,579612
595120603;59512;Roubaix;0603;Anseele;H;8150;2719,214293
595120701;59512;Roubaix;0701;Barbieux-Vauban;H;26530;3315,249025
595120702;59512;Roubaix;0702;Barbieux Sud;H;28750;2362,618125
595120703;59512;Roubaix;0703;Édouard Vaillant;H;18750;4017,585175
595120801;59512;Roubaix;0801;Moulin Nord;H;8810;2649,773405
595120802;59512;Roubaix;0802;Moulin Sud;H;9340;2548,534726
595120803;59512;Roubaix;0803;Potennerie;H;15470;2959,030491
595120901;59512;Roubaix;0901;Sainte-Élisabeth Centre;H;8000;2422,976812
595120902;59512;Roubaix;0902;Sainte-Élisabeth Sud;H;7530;2095,350694
595120903;59512;Roubaix;0903;Sainte-Élisabeth Nord;H;8200;3028,953443
595121001;59512;Roubaix;1001;Pile Est;H;7950;2159,571258
595121002;59512;Roubaix;1002;Pile Centre;H;6360;2901,580533
595121003;59512;Roubaix;1003;Pile Nord;H;8360;2063,145496
595121101;59512;Roubaix;1101;Trois Ponts Nord;H;9990;583,3179094
595121102;59512;Roubaix;1102;Trois Ponts Sud;H;6150;2465,333421
595121103;59512;Roubaix;1103;Sartel;H;12840;1820,482106
595121201;59512;Roubaix;1201;Linné-Chemin Neuf;H;16620;3410,415577
595121202;59512;Roubaix;1202;Justice;H;16790;2259,999472
595121203;59512;Roubaix;1203;Fraternité;H;14150;2423,31509
595121301;59512;Roubaix;1301;Nouveau Roubaix;H;8280;2378,12586
595121302;59512;Roubaix;1302;Hauts Champs;H;8850;2455,13011
595220000;59522;Sailly-lez-Lannoy;0000;Sailly-lez-Lannoy;Z;30230;1926
595230000;59523;Sainghin-en-Mélantois;0000;Sainghin-en-Mélantois;Z;30940;2792
595240101;59524;Sainghin-en-Weppes;0101;Sud;H;23710;2780,726511
595240102;59524;Sainghin-en-Weppes;0102;Nord;H;23710;2752,273489
595270101;59527;Saint-André-lez-Lille;0101;Messines et ZAC;H;28410;1939,056333
595270102;59527;Saint-André-lez-Lille;0102;Église-Cimetière;H;18870;1874,323137
595270103;59527;Saint-André-lez-Lille;0103;École-Béguinage;H;23500;2169,516972
595270104;59527;Saint-André-lez-Lille;0104;Batailles et fleurs;H;25090;2848,05832
595270105;59527;Saint-André-lez-Lille;0105;Sainte-Hélène;H;22200;3964,632381
595270106;59527;Saint-André-lez-Lille;0106;Vino-Inter;A;23480;170,412858
595500000;59550;Salomé;0000;Salomé;Z;21220;2956
595530101;59553;Santes;0101;Sud et Ouest;H;25980;3421,720787
595530102;59553;Santes;0102;Nord-Est;H;25980;2246,279213
595600101;59560;Seclin;0101;Centre 1;H;21060;2555,519557
595600102;59560;Seclin;0102;Centre 2;H;23270;3202,24593
595600201;59560;Seclin;0201;Burgault Mouchonnière 1;H;21190;3245,431242
595600202;59560;Seclin;0202;Burgault Mouchonnière 2a;H;14090;2275,671634
595600203;59560;Seclin;0203;Burgault Mouchonnière 2b;H;27500;1131,131637
595660000;59566;Sequedin;0000;Sequedin;Z;24320;4739
595850000;59585;Templemars;0000;Templemars;Z;26130;3401
595980000;59598;Toufflers;0000;Toufflers;Z;24290;3909
595990101;59599;Tourcoing;0101;Orions;H;14310;2034,662853
595990102;59599;Tourcoing;0102;Pont Rompu;H;14520;1679,042607
595990103;59599;Tourcoing;0103;Z.A. du Ferrain;A;15540;32,3914349
595990201;59599;Tourcoing;0201;Bois d'Achelles;H;22750;1907,100734
595990202;59599;Tourcoing;0202;Clinquet;H;17830;1783,839543
595990301;59599;Tourcoing;0301;Les Francs;H;15590;2308,159651
595990302;59599;Tourcoing;0302;Brun Pain;H;17150;2244,176258
595990303;59599;Tourcoing;0303;Hippodrome;H;19290;2094,91494
595990401;59599;Tourcoing;0401;Petit Village;H;14010;2462,823925
595990402;59599;Tourcoing;0402;Blanche Porte;H;14800;2740,270261
595990403;59599;Tourcoing;0403;Flocon;H;20500;2994,539351
595990501;59599;Tourcoing;0501;Gambetta;H;20930;2975,812838
595990502;59599;Tourcoing;0502;Point Central;H;14990;2586,858093
595990503;59599;Tourcoing;0503;Gare;H;16700;2941,808286
595990601;59599;Tourcoing;0601;Rue des Villas;H;13680;2063,124841
595990602;59599;Tourcoing;0602;Blanc Seau;H;20410;2334,670399
595990603;59599;Tourcoing;0603;Descat;H;18920;1878,932164
595990701;59599;Tourcoing;0701;Épidème;H;11380;3237,848442
595990801;59599;Tourcoing;0801;Tilleul-Guisnes;H;13580;3064,201271
595990802;59599;Tourcoing;0802;Virolois;H;14760;2871,241029
595990901;59599;Tourcoing;0901;Nationale;H;14740;3408,871543
595990902;59599;Tourcoing;0902;Hôtel de Ville;H;15510;3396,744845
595991001;59599;Tourcoing;1001;Belencontre;H;14120;2255,971114
595991002;59599;Tourcoing;1002;Menin;H;12220;2741,208737
595991003;59599;Tourcoing;1003;La Baille;H;14950;2522,255408
595991004;59599;Tourcoing;1004;Phalempins;H;16690;2039,351476
595991005;59599;Tourcoing;1005;Maraîchers;H;15790;2035,549496
595991101;59599;Tourcoing;1101;Égalité;H;17650;2418,53887
595991102;59599;Tourcoing;1102;Malcense;H;16290;2041,624376
595991103;59599;Tourcoing;1103;Courbet;H;13690;2372,719166
595991201;59599;Tourcoing;1201;Boulevard;H;18520;2766,229566
595991202;59599;Tourcoing;1202;Piats;H;13290;3926,666953
595991203;59599;Tourcoing;1203;Chêne-Houplines;H;16820;1914,912744
595991204;59599;Tourcoing;1204;Croix Rouge;H;15630;2457,240622
595991301;59599;Tourcoing;1301;Marlière;H;17800;2295,214825
595991302;59599;Tourcoing;1302;Testelin;H;14070;1960,876623
595991401;59599;Tourcoing;1401;Hôpital Dron;H;9110;2189,183969
595991402;59599;Tourcoing;1402;Colbert;H;15540;1002,588573
595991403;59599;Tourcoing;1403;Schweitzer;H;6700;3940,788685
595991501;59599;Tourcoing;1501;Pont de Neuville;H;18300;1484,990247
595991502;59599;Tourcoing;1502;Yser;H;19430;2034,05324
596020000;59602;Tressin;0000;Tressin;Z;28880;1409
596090000;59609;Vendeville;0000;Vendeville;Z;29210;1584
596110000;59611;Verlinghem;0000;Verlinghem;Z;32150;2475
596360101;59636;Wambrechies;0101;Rive Droite;H;26490;3951,601497
596360102;59636;Wambrechies;0102;Centre Ville;H;24950;2966,479244
596360103;59636;Wambrechies;0103;Agrippin;H;26240;1936,178887
596360104;59636;Wambrechies;0104;Foch Pasteur-Écarts;H;26120;2002,740372
596430000;59643;Warneton;0000;Warneton;Z;23730;239
596460101;59646;Wasquehal;0101;L'Allumette;H;20340;2677,549304
596460102;59646;Wasquehal;0102;Le Vivier;H;37480;3240,262362
596460103;59646;Wasquehal;0103;Louise Michel;H;24370;2560,239867
596460201;59646;Wasquehal;0201;Centre-Noir Bonnet;A;25030;24,99996238
596460202;59646;Wasquehal;0202;Noir Bonnet;H;22950;3021,948785
596460203;59646;Wasquehal;0203;La ville;H;26200;3357,648158
596460301;59646;Wasquehal;0301;Pharos-Haut Vinage;H;24370;3652,124023
596460302;59646;Wasquehal;0302;Le haut Vinage;H;24740;1950,227537
596480101;59648;Wattignies;0101;Wattignies Est;H;24790;1797,652714
596480102;59648;Wattignies;0102;Marais Fléquières;H;25930;1526,194269
596480103;59648;Wattignies;0103;Arbrisseau Ouest;H;18090;1518,284543
596480104;59648;Wattignies;0104;Wattignies Centre;H;26790;3501,616745
596480201;59648;Wattignies;0201;Blanc Riez Centre;H;10660;2144,207875
596480202;59648;Wattignies;0202;Blanc Riez Nord-Est;H;9970;1474,257719
596480203;59648;Wattignies;0203;Villagexpo et Extension;H;24510;1347,721603
596480204;59648;Wattignies;0204;Blanc Riez Sud-Ouest;H;13850;1426,064533
596500101;59650;Wattrelos;0101;Union;H;10440;1805,857421
596500102;59650;Wattrelos;0102;Sapin Vert;H;15820;1758,361595
596500103;59650;Wattrelos;0103;Mousserie 1;H;13550;1507,93575
596500104;59650;Wattrelos;0104;Mousserie 2;H;12800;1685,721394
596500201;59650;Wattrelos;0201;Touquet-Saint-Gérard;H;19300;3043,115645
596500202;59650;Wattrelos;0202;Martinoire;H;16250;2498,39631
596500301;59650;Wattrelos;0301;Crétinier;H;16280;2991,598968
596500302;59650;Wattrelos;0302;Laboureur;H;18190;3551,075335
596500303;59650;Wattrelos;0303;Vieille Place;H;19780;2187,145677
596500304;59650;Wattrelos;0304;Ballon;H;19690;1822,86413
596500401;59650;Wattrelos;0401;Beck Sartel;H;18020;2933,754131
596500402;59650;Wattrelos;0402;Centre;H;17950;3148,252772
596500403;59650;Wattrelos;0403;Broche de Fer-Saint-Liévin-Bas Chemin;H;20620;2334,440694
596500501;59650;Wattrelos;0501;Plouys;H;17560;850,1469798
596500601;59650;Wattrelos;0601;Baillerie;H;23060;1755,340213
596500602;59650;Wattrelos;0602;Houzarde;H;18940;1744,68424
596500603;59650;Wattrelos;0603;Beaulieu 1;H;16470;1531,244077
596500604;59650;Wattrelos;0604;Beaulieu 2;H;16690;1474,351577
596500605;59650;Wattrelos;0605;Beaulieu 3;H;11650;2260,713092
596530101;59653;Wavrin;0101;Nord-Ouest;H;22700;2806,83674
596530102;59653;Wavrin;0102;Centre;H;22700;2546,429082
596530103;59653;Wavrin;0103;Est;H;22700;2369,734178
596560000;59656;Wervicq-Sud;0000;Wervicq-Sud;Z;22480;5384
596580000;59658;Wicres;0000;Wicres;Z;26680;522
596600000;59660;Willems;0000;Willems;Z;24660;2999
596700000;59670;Don;0000;Don;Z;23490;1312
